,Years,S_E,I,R
0,0,,,
1,1,,,
2,2,,,
3,3,,,
4,4,0.971036585365854,0.030487804878049,0.0
5,5,0.5929878048780487,0.4065181797651309,0.002131323396567
6,6,0.27477134146341464,0.7175052577348691,0.009298956921860625
7,7,0.0777439024390245,0.8747447587323095,0.040064645438121
8,8,0.0888501742160277,0.869430732997806,0.03624190755796433
9,9,0.0148628048780485,0.7616799345076781,0.23546536246612462
10,10,0.02286585365853626,0.44542188911472425,0.5373881408084912
11,11,,,
12,12,,,
